{"status": "success", "job_id": "b88e04f3-6436-46d8-b9bd-ecafcb8635ba", "best": {"placement": {"left": {"x": -1.3703321399337645, "y": 0.6100736236427128, "z": 1.2}, "right": {"x": -0.5375839523242258, "y": 1.4003583449258497, "z": 1.2}, "listener": {"x": 0.0, "y": 0.0, "z": 1.2}}, "score": 30.307877711492374, "metrics": {"rt60_seconds": 1.983102993194488, "rt60_low": 2.004034715330135, "rt60_mid": 2.1288310329258975, "standing_wave_severity_db": 1.771058689292363, "flatness_db": 2.5001581387143514, "early_reflection_ratio": 0.6554354399539963, "direct_to_reverb_ratio_db": -33.09747953145309}, "rank": 1}, "top_alternatives": [{"placement": {"left": {"x": -1.4072988776805635, "y": 0.5191433991480839, "z": 1.2}, "right": {"x": -0.4448451260149101, "y": 1.4325197429218135, "z": 1.2}, "listener": {"x": 0.0, "y": 0.0, "z": 1.2}}, "score": 30.723550848634275, "metrics": {"rt60_seconds": 1.9606747537126794, "rt60_low": 1.9658768896331114, "rt60_mid": 2.092748167035303, "standing_wave_severity_db": 2.1007024668867182, "flatness_db": 2.4443050957239283, "early_reflection_ratio": 0.661862527258572, "direct_to_reverb_ratio_db": -32.30291705822396}, "rank": 2}, {"placement": {"left": {"x": -1.4072988776805635, "y": 0.5191433991480839, "z": 1.2}, "right": {"x": -0.4448451260149101, "y": 1.4325197429218135, "z": 1.2}, "listener": {"x": 0.0, "y": 0.0, "z": 1.2}}, "score": 30.957423869763442, "metrics": {"rt60_seconds": 1.9615820116931355, "rt60_low": 2.0034202405127495, "rt60_mid": 2.080433332724176, "standing_wave_severity_db": 2.0895137470969782, "flatness_db": 2.4525824753909244, "early_reflection_ratio": 0.6559294402449718, "direct_to_reverb_ratio_db": -32.686024160280745}, "rank": 3}, {"placement": {"left": {"x": -2.3454981294676056, "y": 0.86523899858014, "z": 1.2}, "right": {"x": -0.7414085433581835, "y": 2.387532904869689, "z": 1.2}, "listener": {"x": 0.0, "y": 0.0, "z": 1.2}}, "score": 30.967024192387743, "metrics": {"rt60_seconds": 1.9673775540246319, "rt60_low": 2.0396523376546742, "rt60_mid": 2.099817920238049, "standing_wave_severity_db": 1.479256224682368, "flatness_db": 2.4594572542102804, "early_reflection_ratio": 0.5544289730941819, "direct_to_reverb_ratio_db": -34.309261481723794}, "rank": 4}, {"placement": {"left": {"x": -1.8763985035740847, "y": 0.692191198864112, "z": 1.2}, "right": {"x": -0.5931268346865468, "y": 1.9100263238957513, "z": 1.2}, "listener": {"x": 0.0, "y": 0.0, "z": 1.2}}, "score": 30.991532794480968, "metrics": {"rt60_seconds": 1.9509225288595886, "rt60_low": 1.983281069097251, "rt60_mid": 2.0887759981397376, "standing_wave_severity_db": 1.740147848216013, "flatness_db": 2.4394584168247606, "early_reflection_ratio": 0.613567341006933, "direct_to_reverb_ratio_db": -34.05569165250547}, "rank": 5}], "room_summary": {"wall_count": 9, "object_count": 35, "floor_area_m2": 103.48054389816953, "height_m": 2.853333181805081, "volume_m3": 295.2644695758844}, "computation_time_seconds": 9.073714971542358, "warnings": [], "error_message": null}