{"status": "success", "job_id": "409dc19a-5a5d-46f9-8074-f262f81e3f4a", "best": {"placement": {"left": {"x": -2.7748945459386514, "y": -2.72636244397797, "z": 1.4}, "right": {"x": -2.0063308530599935, "y": -1.2474322886474973, "z": 1.4}, "listener": {"x": -1.2839250029756464, "y": -2.562015792181568, "z": 1.2}}, "score": 32.806646349561284, "metrics": {"rt60_seconds": 1.263499871468904, "rt60_low": 0.6774312191465417, "rt60_mid": 1.1955156975769994, "standing_wave_severity_db": 2.6894857218785946, "flatness_db": 2.7918491312214693, "early_reflection_ratio": 0.6315282481905211, "direct_to_reverb_ratio_db": -30.93954680677555}, "rank": 1}, "top_alternatives": [{"placement": {"left": {"x": -2.7783084254645263, "y": -2.632330840894142, "z": 1.4}, "right": {"x": -2.2489125462371087, "y": -1.2136260319737335, "z": 1.4}, "listener": {"x": -1.2839250029756464, "y": -2.562015792181568, "z": 1.2}}, "score": 34.03012709748225, "metrics": {"rt60_seconds": 1.257328484391849, "rt60_low": 0.7395730481341287, "rt60_mid": 1.2080181493088034, "standing_wave_severity_db": 2.8646202851097753, "flatness_db": 2.8129331634461363, "early_reflection_ratio": 0.5907820565251872, "direct_to_reverb_ratio_db": -28.220635558742593}, "rank": 2}, {"placement": {"left": {"x": -3.27643623296082, "y": -2.389102523798333, "z": 1.4}, "right": {"x": -2.570575060657596, "y": -1.0308294452377886, "z": 1.4}, "listener": {"x": -1.2839250029756464, "y": -2.562015792181568, "z": 1.2}}, "score": 34.079320256524916, "metrics": {"rt60_seconds": 1.2451361353164137, "rt60_low": 0.761110139739596, "rt60_mid": 1.2187718908887892, "standing_wave_severity_db": 2.610110806199642, "flatness_db": 2.850380372582269, "early_reflection_ratio": 0.580386212974174, "direct_to_reverb_ratio_db": -32.704178445006384}, "rank": 3}, {"placement": {"left": {"x": -2.760953480392282, "y": -2.623524638877612, "z": 1.0}, "right": {"x": -1.9188062519166278, "y": -1.4029993096681512, "z": 1.0}, "listener": {"x": -1.2839250029756464, "y": -2.562015792181568, "z": 1.2}}, "score": 34.1417360940578, "metrics": {"rt60_seconds": 1.2616317520074443, "rt60_low": 0.7710687315294795, "rt60_mid": 1.2053290201035778, "standing_wave_severity_db": 2.9835199564141317, "flatness_db": 2.853409915344324, "early_reflection_ratio": 0.5951449374949811, "direct_to_reverb_ratio_db": -27.767291779905907}, "rank": 4}, {"placement": {"left": {"x": -2.7783084254645263, "y": -2.4323308408941418, "z": 1.4}, "right": {"x": -2.2489125462371087, "y": -1.4136260319737335, "z": 1.4}, "listener": {"x": -1.2839250029756464, "y": -2.562015792181568, "z": 1.2}}, "score": 34.183536033173816, "metrics": {"rt60_seconds": 1.2590724128228319, "rt60_low": 0.8605322957057192, "rt60_mid": 1.1876057696859728, "standing_wave_severity_db": 3.4991463651515966, "flatness_db": 2.923184352159849, "early_reflection_ratio": 0.6256449840210044, "direct_to_reverb_ratio_db": -28.192356147218742}, "rank": 5}], "room_summary": {"wall_count": 5, "object_count": 4, "floor_area_m2": 23.043840045672653, "height_m": 2.50600004196167, "volume_m3": 57.74786412141368}, "computation_time_seconds": 8.265717029571533, "warnings": [], "error_message": null}