{"status": "success", "job_id": "9dabd620-b7c4-42b4-b5f5-802e203cc929", "best": {"placement": {"left": {"x": -0.8729987950933213, "y": -1.2197840398060666, "z": 1.2}, "right": {"x": -1.4798209341081645, "y": -0.24521419815181864, "z": 1.2}, "listener": {"x": 0.0, "y": 0.0, "z": 1.2}}, "score": 29.815147610577654, "metrics": {"rt60_seconds": 1.9583639957323482, "rt60_low": 1.9768447971119811, "rt60_mid": 2.0429696633579884, "standing_wave_severity_db": 1.7215008439390345, "flatness_db": 2.435647583030202, "early_reflection_ratio": 0.6521335892899051, "direct_to_reverb_ratio_db": -32.60137161119839}, "rank": 1}, "top_alternatives": [{"placement": {"left": {"x": -1.0551359259628237, "y": -1.699025655410351, "z": 1.0}, "right": {"x": -1.9902537330478753, "y": -0.19720567458619198, "z": 1.0}, "listener": {"x": 0.0, "y": 0.0, "z": 1.2}}, "score": 31.145232736998665, "metrics": {"rt60_seconds": 1.9276100719029985, "rt60_low": 2.1728259308559528, "rt60_mid": 2.0566060929687855, "standing_wave_severity_db": 1.86193226510079, "flatness_db": 2.499469786967806, "early_reflection_ratio": 0.5734767119662572, "direct_to_reverb_ratio_db": -32.59052697484651}, "rank": 2}, {"placement": {"left": {"x": -0.7913519444721178, "y": -1.2742692415577634, "z": 1.4}, "right": {"x": -1.4926902997859064, "y": -0.14790425593964399, "z": 1.4}, "listener": {"x": 0.0, "y": 0.0, "z": 1.2}}, "score": 31.56585018759806, "metrics": {"rt60_seconds": 1.9366541353450746, "rt60_low": 2.1000853184511743, "rt60_mid": 1.9983214494196766, "standing_wave_severity_db": 2.4823459571650073, "flatness_db": 2.4029261586881367, "early_reflection_ratio": 0.6575799072433499, "direct_to_reverb_ratio_db": -31.77751814232053}, "rank": 3}, {"placement": {"left": {"x": -0.8729987950933213, "y": -1.2197840398060666, "z": 1.0}, "right": {"x": -1.4798209341081645, "y": -0.24521419815181864, "z": 1.0}, "listener": {"x": 0.0, "y": 0.0, "z": 1.2}}, "score": 31.608191473876026, "metrics": {"rt60_seconds": 1.9510111378985282, "rt60_low": 2.0763035041595996, "rt60_mid": 2.061892936087632, "standing_wave_severity_db": 2.410420565511217, "flatness_db": 2.3392609758720666, "early_reflection_ratio": 0.6432932079200071, "direct_to_reverb_ratio_db": -32.26267980959662}, "rank": 4}, {"placement": {"left": {"x": -0.8729987950933213, "y": -1.2197840398060666, "z": 1.2}, "right": {"x": -1.4798209341081645, "y": -0.24521419815181864, "z": 1.2}, "listener": {"x": 0.0, "y": 0.0, "z": 1.2}}, "score": 31.68810740412944, "metrics": {"rt60_seconds": 1.995015471114201, "rt60_low": 2.003414448385947, "rt60_mid": 2.106761479865247, "standing_wave_severity_db": 2.514332575068413, "flatness_db": 2.4087216178564606, "early_reflection_ratio": 0.6691570458696119, "direct_to_reverb_ratio_db": -32.03847380381479}, "rank": 5}], "room_summary": {"wall_count": 7, "object_count": 35, "floor_area_m2": 103.72292120987746, "height_m": 2.806779588971819, "volume_m3": 291.1273781604162}, "computation_time_seconds": 9.556891918182373, "warnings": [], "error_message": null}